Reporting Range=["Quarterly"],Select year=["2026"],Select quarter=["2"],Top Clicked Brand=["Little minds at work"]
"Search Frequency Rank","Search Term","Top-Clicked Brand #1","Top-Clicked Brands #2","Top-Clicked Brands #3","Top-Clicked Category #1","Top-Clicked Category #2","Top-Clicked Category #3","Top-Clicked Product #1: ASIN","Top-Clicked Product #1: Product Title","Top-Clicked Product #1: Click Share","Top-Clicked Product #1: Conversion Share","Top-Clicked Product #2: ASIN","Top-Clicked Product #2: Product Title","Top-Clicked Product #2: Click Share","Top-Clicked Product #2: Conversion Share","Top-Clicked Product #3: ASIN","Top-Clicked Product #3: Product Title","Top-Clicked Product #3: Click Share","Top-Clicked Product #3: Conversion Share","Reporting Date"
"12031","busy binder book for toddlers 1-3","Little Minds at Work","SHNMN","Pegasus","Books","Toys","Office Products","B0FP3W83BF","Little Minds at Work Toddler Busy Binder Activity Book for Kids 1 - 4 Years | 16 Reusable Early Learning Preschool Montessori Activities | Travel-Friendly, Screen-Free Educational Toy","30.85","24.67","B0GJD767VB","SHNMN Busy Book | Preschool Busy for Toddlers Kids/Children Activities | Quiet Book Alphabets, Animal, Shapes Learning | Kids Age 2-5 Years: 1 (Alphabet,Animal,Learning,Elementary Book)","9.19","3.5","B0DBR2XN1J","TodFod Chhote Natkhat All in One Early Learning Board Book For Kids to Learn Shapes, Colors, Fruits, Numbers, Body Parts Fruits, Vegetable, Animal And Vehical Preschool Velcro Binder Book For Toddlers [Board book] TodFod","6.91","6.33","2026-06-30"
"18408","toddler busy binder","Little Minds at Work","Pegasus","Wonder House","Books","Toys","Office Products","B0FP3W83BF","Little Minds at Work Toddler Busy Binder Activity Book for Kids 1 - 4 Years | 16 Reusable Early Learning Preschool Montessori Activities | Travel-Friendly, Screen-Free Educational Toy","29.47","34.94","8131930769","Hook n Loop Fun Activity Box | Velcro Books | Montessori Activity | Busy Book | for 2+ Years Kids - Discover the World of Food We Eat through Interactive Play","8.33","1.99","B0FL7YV1TY","Qlect 12 in 1 Toddler Busy Binder & Busy Book for Toddlers 1-3 Years - Montessori Busy Board & Activity Book for Kids 2-4 - Engaging Toys for 2-3 Years - Educational Busy Book for Learning., Blue","7.01","5.04","2026-06-30"
"37632","busy book for toddlers 1-3","QLECT","SHNMN","Little Minds at Work","Toys","Books","Office Products","B0FL7YV1TY","Qlect 12 in 1 Toddler Busy Binder & Busy Book for Toddlers 1-3 Years - Montessori Busy Board & Activity Book for Kids 2-4 - Engaging Toys for 2-3 Years - Educational Busy Book for Learning., Blue","21.14","14.57","B0GJD767VB","SHNMN Busy Book | Preschool Busy for Toddlers Kids/Children Activities | Quiet Book Alphabets, Animal, Shapes Learning | Kids Age 2-5 Years: 1 (Alphabet,Animal,Learning,Elementary Book)","14.41","5.93","B0FP3W83BF","Little Minds at Work Toddler Busy Binder Activity Book for Kids 1 - 4 Years | 16 Reusable Early Learning Preschool Montessori Activities | Travel-Friendly, Screen-Free Educational Toy","10.54","6.17","2026-06-30"
"44376","busy book for toddlers 2-3","SHNMN","Little Minds at Work","Curious Cub","Books","Toys","Office Products","B0GJD767VB","SHNMN Busy Book | Preschool Busy for Toddlers Kids/Children Activities | Quiet Book Alphabets, Animal, Shapes Learning | Kids Age 2-5 Years: 1 (Alphabet,Animal,Learning,Elementary Book)","27.21","11.59","B0FP3W83BF","Little Minds at Work Toddler Busy Binder Activity Book for Kids 1 - 4 Years | 16 Reusable Early Learning Preschool Montessori Activities | Travel-Friendly, Screen-Free Educational Toy","7.82","5.39","B0DWMPF34J","Curious Cub Montessori Busy Book | Toddler Busy Binder for 2-5 Yrs | Activity Binder| Quiet Book| Educational Toys For 3 Year Old| Kids Learning Books 2-3Years| Velcro Books For 2 Yrs Old | Kids Gifts","6.74","5.93","2026-06-30"
"73497","little minds at work activity binders","Little Minds at Work","Curious Cub","Wonder House","Books","Toys","Office Products","B0FP3W83BF","Little Minds at Work Toddler Busy Binder Activity Book for Kids 1 - 4 Years | 16 Reusable Early Learning Preschool Montessori Activities | Travel-Friendly, Screen-Free Educational Toy","43.64","44.18","B0DL4HDJ9Q","Little Minds at Work 10-in-1 Busy Book for Kids (Ages 2-5) | Fun Learning Travel Size Educational Activity Book | Enhance Brain Development & Cognitive Skills","10.25","4.42","B0C1GCC1FZ","Animal, Fruits and Vegetables Activity Binders for Toddlers Aged 1-4 years (Pack of 2) Educational Activity Books for Kids | Montessori Inspired / Skill-Building / Preschool Learning Binders","3.6","0.4","2026-06-30"
"84881","daily routine chart for kids","Little Minds at Work","TinyKidz","Cots and Cuddles","Office Products","Toys","Books","B0FNY5YD4M","Little Minds at Work Daily Routine Chart for Kids Set of 3 | Morning, Afternoon & Night Routines | 50+ Visual Task Stickers with Velcro | Ages 3-8 | Reusable Done Flaps | Daily Responsibility Chart","25.49","10.74","B0DBQ8PK3T","Daily Routine Chart for Kids, Visual Schedule, Routine Chart for Toddlers, Morning Bedtime Routine Chart for Toddlers, Wooden Chore Chart for Kids","12.87","6.04","B0GGBD9N5W","Cots and Cuddles Daily Responsibility Board for Kids | 15 Detachable Sheet with Schedule Tracker | Habit Building Learning Chart for Kids | Home Routine & Time Management Board (Pink)","10.76","4.03","2026-06-30"
"85713","busy binder","Little Minds at Work","Curious Cub",,"Books","Toys","Office Products","B0FP3W83BF","Little Minds at Work Toddler Busy Binder Activity Book for Kids 1 - 4 Years | 16 Reusable Early Learning Preschool Montessori Activities | Travel-Friendly, Screen-Free Educational Toy","33.6","30.6","B0DWMPF34J","Curious Cub Montessori Busy Book | Toddler Busy Binder for 2-5 Yrs | Activity Binder| Quiet Book| Educational Toys For 3 Year Old| Kids Learning Books 2-3Years| Velcro Books For 2 Yrs Old | Kids Gifts","8.29","5.46","B0DP9VDD6Z","TOVIXY 12 In 1 Toddler Busy Binder & Busy Book For Toddlers 1-3 Years - Montessori Busy Board & Activity Book For Kids 2-4 - Engaging Toys For 2-3 Years - Educational Busy Book For Learning., Blue","6.35","2.19","2026-06-30"
"140367","curious cub","Curious Cub","Little Minds at Work","The Curious Bees","Toys","Baby","Furniture","B0DWMPF34J","Curious Cub Montessori Busy Book | Toddler Busy Binder for 2-5 Yrs | Activity Binder| Quiet Book| Educational Toys For 3 Year Old| Kids Learning Books 2-3Years| Velcro Books For 2 Yrs Old | Kids Gifts","5.66","4.31","B09JRYQL3C","Curious Cub Montessori Toys Wooden Learning Baby Girl Boy | Box 7: 1+ Year |Educational Toy, Sensory Toys & Wooden Puzzles |Sensory Learning & Fine Motor Skills |13+ Month Baby | Gift for 1 Year Old","5.57","5.17","B09JPJMVTQ","Curious Cub Montessori Learning Wooden Baby Toys | Box 4: 7+ Months | Montessori Toys for 7+ Months |Early Child Development,Sensory Toy|New Born Baby Toy|Gifts for New Born Babies","5.33","2.59","2026-06-30"
